{
"0": 109.41666666666667,
"1": 109.41666666666667,
"2": 109.41666666666667,
"3": 109.41666666666667,
"4": 109.41666666666667,
"5": 109.41666666666667,
"6": 109.41666666666667,
"7": 109.41666666666667,
"8": 109.41666666666667,
"9": 109.41666666666667,
"10": 109.41666666666667,
"11": 109.41666666666667,
"12": 109.41666666666667,
"13": 109.41666666666667,
"14": 109.41666666666667,
"15": 109.41666666666667,
"16": 109.41666666666667,
"17": 109.41666666666667,
"18": 109.41666666666667,
"19": 109.41666666666667,
"20": 109.41666666666667,
"21": 109.41666666666667,
"22": 109.41666666666667,
"23": 109.41666666666667,
"24": 109.41666666666667,
"25": 109.41666666666667,
"26": 109.41666666666667,
"27": 109.41666666666667,
"28": 109.41666666666667,
"29": 109.41666666666667,
"30": 109.41666666666667,
"31": 109.41666666666667,
"32": 109.41666666666667,
"33": 109.41666666666667,
"34": 109.41666666666667,
"35": 109.41666666666667,
"36": 109.41666666666667,
"37": 109.41666666666667,
"38": 109.41666666666667,
"39": 109.41666666666667,
"40": 109.41666666666667,
"41": 109.41666666666667,
"42": 109.41666666666667,
"43": 109.41666666666667,
"44": 109.41666666666667,
"45": 109.41666666666667,
"46": 109.41666666666667,
"47": 109.41666666666667,
"48": 109.41666666666667,
"49": 109.41666666666667,
"50": 109.41666666666667,
"51": 109.41666666666667,
"52": 109.41666666666667,
"53": 109.41666666666667,
"54": 109.41666666666667,
"55": 109.41666666666667,
"56": 109.41666666666667,
"57": 109.41666666666667,
"58": 109.41666666666667,
"59": 109.41666666666667,
"60": 109.41666666666667,
"61": 109.41666666666667,
"62": 109.41666666666667,
"63": 109.41666666666667,
"64": 109.41666666666667,
"65": 109.41666666666667,
"66": 109.41666666666667,
"67": 109.41666666666667,
"68": 109.41666666666667,
"69": 109.41666666666667,
"70": 109.41666666666667,
"71": 109.41666666666667,
"72": 109.41666666666667,
"73": 109.41666666666667,
"74": 109.41666666666667,
"75": 109.41666666666667,
"76": 109.41666666666667,
"77": 109.41666666666667,
"78": 109.41666666666667,
"79": 109.41666666666667,
"80": 109.41666666666667,
"81": 109.41666666666667,
"82": 109.41666666666667,
"83": 109.41666666666667,
"84": 109.41666666666667,
"85": 109.41666666666667,
"86": 109.41666666666667,
"87": 109.41666666666667,
"88": 109.41666666666667,
"89": 109.41666666666667,
"90": 109.41666666666667,
"91": 109.41666666666667,
"92": 109.41666666666667,
"93": 109.41666666666667,
"94": 109.41666666666667,
"95": 109.41666666666667,
"96": 109.41666666666667,
"97": 109.41666666666667,
"98": 109.41666666666667,
"99": 109.41666666666667,
"100": 109.41666666666667,
"101": 109.41666666666667,
"102": 109.41666666666667,
"103": 109.41666666666667,
"104": 109.41666666666667,
"105": 109.41666666666667,
"106": 109.41666666666667,
"107": 109.41666666666667,
"108": 109.41666666666667,
"109": 109.41666666666667,
"110": 109.41666666666667,
"111": 109.41666666666667,
"112": 109.41666666666667,
"113": 109.41666666666667,
"114": 109.41666666666667,
"115": 109.41666666666667,
"116": 109.41666666666667,
"117": 109.41666666666667,
"118": 109.41666666666667,
"119": 109.41666666666667,
"120": 109.41666666666667,
"121": 109.41666666666667,
"122": 109.41666666666667,
"123": 109.41666666666667,
"124": 109.41666666666667,
"125": 109.41666666666667,
"126": 109.41666666666667,
"127": 109.41666666666667,
"128": 109.41666666666667,
"129": 109.41666666666667,
"130": 109.41666666666667,
"131": 109.41666666666667,
"132": 109.41666666666667,
"133": 109.41666666666667,
"134": 109.41666666666667,
"135": 109.41666666666667,
"136": 109.41666666666667,
"137": 109.41666666666667,
"138": 109.41666666666667,
"139": 109.41666666666667,
"140": 109.41666666666667,
"141": 109.41666666666667,
"142": 109.41666666666667,
"143": 109.41666666666667,
"144": 109.41666666666667,
"145": 109.41666666666667,
"146": 109.41666666666667,
"147": 109.41666666666667,
"148": 109.41666666666667,
"149": 109.41666666666667,
"150": 109.41666666666667,
"151": 109.41666666666667,
"152": 109.41666666666667,
"153": 109.41666666666667,
"154": 109.41666666666667,
"155": 109.41666666666667,
"156": 109.41666666666667,
"157": 109.41666666666667,
"158": 109.41666666666667,
"159": 109.41666666666667,
"160": 109.41666666666667,
"161": 109.41666666666667,
"162": 109.41666666666667,
"163": 109.41666666666667,
"164": 109.41666666666667,
"165": 109.41666666666667,
"166": 109.41666666666667,
"167": 109.41666666666667,
"168": 109.41666666666667,
"169": 109.41666666666667,
"170": 109.41666666666667,
"171": 109.41666666666667,
"172": 109.41666666666667,
"173": 109.41666666666667,
"174": 109.41666666666667,
"175": 109.41666666666667,
"176": 109.41666666666667,
"177": 109.41666666666667,
"178": 109.41666666666667,
"179": 109.41666666666667,
"180": 109.41666666666667,
"181": 109.41666666666667,
"182": 109.41666666666667,
"183": 109.41666666666667,
"184": 109.41666666666667,
"185": 109.41666666666667,
"186": 109.41666666666667,
"187": 109.41666666666667,
"188": 109.41666666666667,
"189": 109.41666666666667,
"190": 109.41666666666667,
"191": 109.41666666666667,
"192": 109.41666666666667,
"193": 109.41666666666667,
"194": 109.41666666666667,
"195": 109.41666666666667,
"196": 109.41666666666667,
"197": 109.41666666666667,
"198": 109.41666666666667,
"199": 109.41666666666667,
"200": 109.41666666666667,
"201": 109.41666666666667,
"202": 109.41666666666667,
"203": 109.41666666666667,
"204": 109.41666666666667,
"205": 109.41666666666667,
"206": 109.41666666666667,
"207": 109.41666666666667,
"208": 109.41666666666667,
"209": 109.41666666666667,
"210": 109.41666666666667,
"211": 109.41666666666667,
"212": 109.41666666666667,
"213": 109.41666666666667,
"214": 109.41666666666667,
"215": 109.41666666666667,
"216": 109.41666666666667,
"217": 109.41666666666667,
"218": 109.41666666666667,
"219": 109.41666666666667,
"220": 109.41666666666667,
"221": 109.41666666666667,
"222": 109.41666666666667,
"223": 109.41666666666667,
"224": 109.41666666666667,
"225": 109.41666666666667,
"226": 109.41666666666667,
"227": 109.41666666666667,
"228": 109.41666666666667,
"229": 109.41666666666667,
"230": 109.41666666666667,
"231": 109.41666666666667,
"232": 109.41666666666667,
"233": 109.41666666666667,
"234": 109.41666666666667,
"235": 109.41666666666667,
"236": 109.41666666666667,
"237": 109.41666666666667,
"238": 109.41666666666667,
"239": 109.41666666666667,
"240": 109.41666666666667,
"241": 109.41666666666667,
"242": 109.41666666666667,
"243": 109.41666666666667,
"244": 109.41666666666667,
"245": 109.41666666666667,
"246": 109.41666666666667,
"247": 109.41666666666667,
"248": 109.41666666666667,
"249": 109.41666666666667,
"250": 109.41666666666667,
"251": 109.41666666666667,
"252": 109.41666666666667,
"253": 109.41666666666667,
"254": 109.41666666666667,
"255": 109.41666666666667,
"256": 109.41666666666667,
"257": 109.41666666666667,
"258": 109.41666666666667,
"259": 109.41666666666667,
"260": 109.41666666666667,
"261": 109.41666666666667,
"262": 109.41666666666667,
"263": 109.41666666666667,
"264": 109.41666666666667,
"265": 109.41666666666667,
"266": 109.41666666666667,
"267": 109.41666666666667,
"268": 109.41666666666667,
"269": 109.41666666666667,
"270": 109.41666666666667,
"271": 109.41666666666667,
"272": 109.41666666666667,
"273": 109.41666666666667,
"274": 109.41666666666667,
"275": 109.41666666666667,
"276": 109.41666666666667,
"277": 109.41666666666667,
"278": 109.41666666666667,