{
"0": 8.5,
"1": 4.5,
"2": 3.0,
"3": 5.083333333333333,
"4": 3.6666666666666665,
"5": 4.5,
"6": 4.916666666666667,
"7": 4.416666666666667,
"8": 2.6666666666666665,
"9": 5.916666666666667,
"10": 6.166666666666667,
"11": 6.75,
"12": 3.5
}